{
  "type":"Program",
  "body":[
    {
      "type": "ExpressionStatement",
      "expression": {
        "type":"CallExpression",
        "callee": {
          "type": "Identifier",
          "name": "add"
        },
        "arguments": [
          {
              "type":"NumberLiteral",
              "value":"2"
          },
          {
              "type":"CallExpression",
              "callee": {
                "type": "Identifier",
                "name": "subtract"
              },
              "params":[
                  {
                      "type":"NumberLiteral",
                      "value":"4"
                  },
                  {
                      "type":"NumberLiteral",
                      "value":"2"
                  }
              ]
          }
      ]
      }
    }
  ]
}