{"name":"renderer","content":{"@date-io/date-fns":{"id":"@date-io/date-fns","buildMeta":{"providedExports":true}},"@fortawesome/fontawesome-free":{"id":"@fortawesome/fontawesome-free","buildMeta":{"providedExports":true}},"@material-ui/core":{"id":"@material-ui/core","buildMeta":{"providedExports":true}},"@material-ui/icons":{"id":"@material-ui/icons","buildMeta":{"providedExports":true}},"@material-ui/pickers":{"id":"@material-ui/pickers","buildMeta":{"providedExports":true}},"core-js":{"id":"core-js","buildMeta":{"providedExports":true}},"date-fns":{"id":"date-fns","buildMeta":{"providedExports":true}},"devtron":{"id":"devtron","buildMeta":{"providedExports":true}},"dexie":{"id":"dexie","buildMeta":{"providedExports":true}},"electron-debug":{"id":"electron-debug","buildMeta":{"providedExports":true}},"electron-log":{"id":"electron-log","buildMeta":{"providedExports":true}},"electron-updater":{"id":"electron-updater","buildMeta":{"providedExports":true}},"history":{"id":"history","buildMeta":{"providedExports":true}},"md5":{"id":"md5","buildMeta":{"providedExports":true}},"node-schedule":{"id":"node-schedule","buildMeta":{"providedExports":true}},"react":{"id":"react","buildMeta":{"providedExports":true}},"react-dom":{"id":"react-dom","buildMeta":{"providedExports":true}},"react-hot-loader":{"id":"react-hot-loader","buildMeta":{"providedExports":true}},"react-router":{"id":"react-router","buildMeta":{"providedExports":true}},"react-router-dom":{"id":"react-router-dom","buildMeta":{"providedExports":true}},"react-virtualized-auto-sizer":{"id":"react-virtualized-auto-sizer","buildMeta":{"providedExports":true}},"react-window":{"id":"react-window","buildMeta":{"providedExports":true}},"rimraf":{"id":"rimraf","buildMeta":{"providedExports":true}},"source-map-support":{"id":"source-map-support","buildMeta":{"providedExports":true}},"typeface-roboto":{"id":"typeface-roboto","buildMeta":{"providedExports":true}}}}